-- MySQL dump 10.13  Distrib 8.0.28, for macos11 (x86_64)
--
-- Host: fingerprinta.cg3mzhfsibey.ap-northeast-1.rds.amazonaws.com    Database: fingerprinta
-- ------------------------------------------------------
-- Server version	8.0.28

/*!40101 SET @OLD_CHARACTER_SET_CLIENT=@@CHARACTER_SET_CLIENT */;
/*!40101 SET @OLD_CHARACTER_SET_RESULTS=@@CHARACTER_SET_RESULTS */;
/*!40101 SET @OLD_COLLATION_CONNECTION=@@COLLATION_CONNECTION */;
/*!50503 SET NAMES utf8mb4 */;
/*!40103 SET @OLD_TIME_ZONE=@@TIME_ZONE */;
/*!40103 SET TIME_ZONE='+00:00' */;
/*!40014 SET @OLD_UNIQUE_CHECKS=@@UNIQUE_CHECKS, UNIQUE_CHECKS=0 */;
/*!40014 SET @OLD_FOREIGN_KEY_CHECKS=@@FOREIGN_KEY_CHECKS, FOREIGN_KEY_CHECKS=0 */;
/*!40101 SET @OLD_SQL_MODE=@@SQL_MODE, SQL_MODE='NO_AUTO_VALUE_ON_ZERO' */;
/*!40111 SET @OLD_SQL_NOTES=@@SQL_NOTES, SQL_NOTES=0 */;

--
-- Table structure for table `calendar`
--

DROP TABLE IF EXISTS `calendar`;
/*!40101 SET @saved_cs_client     = @@character_set_client */;
/*!50503 SET character_set_client = utf8mb4 */;
CREATE TABLE `calendar` (
  `date` datetime NOT NULL,
  `need_punch` tinyint NOT NULL,
  PRIMARY KEY (`date`)
) ENGINE=InnoDB DEFAULT CHARSET=utf8mb4 COLLATE=utf8mb4_0900_ai_ci;
/*!40101 SET character_set_client = @saved_cs_client */;

--
-- Dumping data for table `calendar`
--

LOCK TABLES `calendar` WRITE;
/*!40000 ALTER TABLE `calendar` DISABLE KEYS */;
INSERT INTO `calendar` VALUES ('2022-01-01 00:00:00',1),('2022-01-02 00:00:00',0),('2022-01-03 00:00:00',1),('2022-01-04 00:00:00',1),('2022-01-05 00:00:00',1),('2022-01-06 00:00:00',1),('2022-01-07 00:00:00',1),('2022-01-08 00:00:00',0),('2022-01-09 00:00:00',0),('2022-01-10 00:00:00',1),('2022-01-11 00:00:00',1),('2022-01-12 00:00:00',1),('2022-01-13 00:00:00',1),('2022-01-14 00:00:00',1),('2022-01-15 00:00:00',0),('2022-01-16 00:00:00',0),('2022-01-17 00:00:00',1),('2022-01-18 00:00:00',1),('2022-01-19 00:00:00',1),('2022-01-20 00:00:00',1),('2022-01-21 00:00:00',1),('2022-01-22 00:00:00',1),('2022-01-23 00:00:00',0),('2022-01-24 00:00:00',1),('2022-01-25 00:00:00',1),('2022-01-26 00:00:00',1),('2022-01-27 00:00:00',1),('2022-01-28 00:00:00',1),('2022-01-29 00:00:00',0),('2022-01-30 00:00:00',0),('2022-01-31 00:00:00',0),('2022-02-01 00:00:00',0),('2022-02-02 00:00:00',0),('2022-02-03 00:00:00',0),('2022-02-04 00:00:00',0),('2022-02-05 00:00:00',0),('2022-02-06 00:00:00',0),('2022-02-07 00:00:00',1),('2022-02-08 00:00:00',1),('2022-02-09 00:00:00',1),('2022-02-10 00:00:00',1),('2022-02-11 00:00:00',1),('2022-02-12 00:00:00',0),('2022-02-13 00:00:00',0),('2022-02-14 00:00:00',1),('2022-02-15 00:00:00',1),('2022-02-16 00:00:00',1),('2022-02-17 00:00:00',1),('2022-02-18 00:00:00',1),('2022-02-19 00:00:00',0),('2022-02-20 00:00:00',0),('2022-02-21 00:00:00',1),('2022-02-22 00:00:00',1),('2022-02-23 00:00:00',1),('2022-02-24 00:00:00',1),('2022-02-25 00:00:00',1),('2022-02-26 00:00:00',0),('2022-02-27 00:00:00',0),('2022-02-28 00:00:00',0),('2022-03-01 00:00:00',1),('2022-03-02 00:00:00',1),('2022-03-03 00:00:00',1),('2022-03-04 00:00:00',1),('2022-03-05 00:00:00',0),('2022-03-06 00:00:00',0),('2022-03-07 00:00:00',1),('2022-03-08 00:00:00',1),('2022-03-09 00:00:00',1),('2022-03-10 00:00:00',1),('2022-03-11 00:00:00',1),('2022-03-12 00:00:00',0),('2022-03-13 00:00:00',0),('2022-03-14 00:00:00',1),('2022-03-15 00:00:00',1),('2022-03-16 00:00:00',1),('2022-03-17 00:00:00',1),('2022-03-18 00:00:00',1),('2022-03-19 00:00:00',0),('2022-03-20 00:00:00',0),('2022-03-21 00:00:00',1),('2022-03-22 00:00:00',1),('2022-03-23 00:00:00',1),('2022-03-24 00:00:00',1),('2022-03-25 00:00:00',1),('2022-03-26 00:00:00',0),('2022-03-27 00:00:00',0),('2022-03-28 00:00:00',1),('2022-03-29 00:00:00',1),('2022-03-30 00:00:00',1),('2022-03-31 00:00:00',1),('2022-04-01 00:00:00',1),('2022-04-02 00:00:00',0),('2022-04-03 00:00:00',0),('2022-04-04 00:00:00',0),('2022-04-05 00:00:00',0),('2022-04-06 00:00:00',1),('2022-04-07 00:00:00',1),('2022-04-08 00:00:00',1),('2022-04-09 00:00:00',0),('2022-04-10 00:00:00',0),('2022-04-11 00:00:00',1),('2022-04-12 00:00:00',1),('2022-04-13 00:00:00',1),('2022-04-14 00:00:00',1),('2022-04-15 00:00:00',1),('2022-04-16 00:00:00',0),('2022-04-17 00:00:00',0),('2022-04-18 00:00:00',1),('2022-04-19 00:00:00',1),('2022-04-20 00:00:00',1),('2022-04-21 00:00:00',1),('2022-04-22 00:00:00',1),('2022-04-23 00:00:00',0),('2022-04-24 00:00:00',0),('2022-04-25 00:00:00',1),('2022-04-26 00:00:00',1),('2022-04-27 00:00:00',1),('2022-04-28 00:00:00',1),('2022-04-29 00:00:00',1),('2022-04-30 00:00:00',0),('2022-05-01 00:00:00',0),('2022-05-02 00:00:00',1),('2022-05-03 00:00:00',1),('2022-05-04 00:00:00',1),('2022-05-05 00:00:00',1),('2022-05-06 00:00:00',1),('2022-05-07 00:00:00',0),('2022-05-08 00:00:00',0),('2022-05-09 00:00:00',1),('2022-05-10 00:00:00',1),('2022-05-11 00:00:00',1),('2022-05-12 00:00:00',1),('2022-05-13 00:00:00',1),('2022-05-14 00:00:00',0),('2022-05-15 00:00:00',0),('2022-05-16 00:00:00',1),('2022-05-17 00:00:00',1),('2022-05-18 00:00:00',1),('2022-05-19 00:00:00',1),('2022-05-20 00:00:00',1),('2022-05-21 00:00:00',0),('2022-05-22 00:00:00',0),('2022-05-23 00:00:00',1),('2022-05-24 00:00:00',1),('2022-05-25 00:00:00',1),('2022-05-26 00:00:00',1),('2022-05-27 00:00:00',1),('2022-05-28 00:00:00',0),('2022-05-29 00:00:00',0),('2022-05-30 00:00:00',1),('2022-05-31 00:00:00',1),('2022-06-01 00:00:00',1),('2022-06-02 00:00:00',1),('2022-06-03 00:00:00',0),('2022-06-04 00:00:00',0),('2022-06-05 00:00:00',0),('2022-06-06 00:00:00',1),('2022-06-07 00:00:00',1),('2022-06-08 00:00:00',1),('2022-06-09 00:00:00',1),('2022-06-10 00:00:00',1),('2022-06-11 00:00:00',0),('2022-06-12 00:00:00',0),('2022-06-13 00:00:00',1),('2022-06-14 00:00:00',1),('2022-06-15 00:00:00',1),('2022-06-16 00:00:00',1),('2022-06-17 00:00:00',1),('2022-06-18 00:00:00',0),('2022-06-19 00:00:00',0),('2022-06-20 00:00:00',1),('2022-06-21 00:00:00',1),('2022-06-22 00:00:00',1),('2022-06-23 00:00:00',1),('2022-06-24 00:00:00',1),('2022-06-25 00:00:00',0),('2022-06-26 00:00:00',0),('2022-06-27 00:00:00',1),('2022-06-28 00:00:00',1),('2022-06-29 00:00:00',1),('2022-06-30 00:00:00',1),('2022-07-01 00:00:00',1),('2022-07-02 00:00:00',0),('2022-07-03 00:00:00',0),('2022-07-04 00:00:00',1),('2022-07-05 00:00:00',1),('2022-07-06 00:00:00',1),('2022-07-07 00:00:00',1),('2022-07-08 00:00:00',1),('2022-07-09 00:00:00',0),('2022-07-10 00:00:00',0),('2022-07-11 00:00:00',1),('2022-07-12 00:00:00',1),('2022-07-13 00:00:00',1),('2022-07-14 00:00:00',1),('2022-07-15 00:00:00',1),('2022-07-16 00:00:00',0),('2022-07-17 00:00:00',0),('2022-07-18 00:00:00',1),('2022-07-19 00:00:00',1),('2022-07-20 00:00:00',1),('2022-07-21 00:00:00',1),('2022-07-22 00:00:00',1),('2022-07-23 00:00:00',0),('2022-07-24 00:00:00',0),('2022-07-25 00:00:00',1),('2022-07-26 00:00:00',1),('2022-07-27 00:00:00',1),('2022-07-28 00:00:00',1),('2022-07-29 00:00:00',1),('2022-07-30 00:00:00',0),('2022-07-31 00:00:00',0),('2022-08-01 00:00:00',1),('2022-08-02 00:00:00',1),('2022-08-03 00:00:00',1),('2022-08-04 00:00:00',1),('2022-08-05 00:00:00',1),('2022-08-06 00:00:00',0),('2022-08-07 00:00:00',0),('2022-08-08 00:00:00',1),('2022-08-09 00:00:00',1),('2022-08-10 00:00:00',1),('2022-08-11 00:00:00',1),('2022-08-12 00:00:00',1),('2022-08-13 00:00:00',0),('2022-08-14 00:00:00',0),('2022-08-15 00:00:00',1),('2022-08-16 00:00:00',1),('2022-08-17 00:00:00',1),('2022-08-18 00:00:00',1),('2022-08-19 00:00:00',1),('2022-08-20 00:00:00',0),('2022-08-21 00:00:00',0),('2022-08-22 00:00:00',1),('2022-08-23 00:00:00',1),('2022-08-24 00:00:00',1),('2022-08-25 00:00:00',1),('2022-08-26 00:00:00',1),('2022-08-27 00:00:00',0),('2022-08-28 00:00:00',0),('2022-08-29 00:00:00',1),('2022-08-30 00:00:00',1),('2022-08-31 00:00:00',1),('2022-09-01 00:00:00',1),('2022-09-02 00:00:00',1),('2022-09-03 00:00:00',0),('2022-09-04 00:00:00',0),('2022-09-05 00:00:00',1),('2022-09-06 00:00:00',1),('2022-09-07 00:00:00',1),('2022-09-08 00:00:00',1),('2022-09-09 00:00:00',0),('2022-09-10 00:00:00',0),('2022-09-11 00:00:00',0),('2022-09-12 00:00:00',1),('2022-09-13 00:00:00',1),('2022-09-14 00:00:00',1),('2022-09-15 00:00:00',1),('2022-09-16 00:00:00',1),('2022-09-17 00:00:00',0),('2022-09-18 00:00:00',0),('2022-09-19 00:00:00',1),('2022-09-20 00:00:00',1),('2022-09-21 00:00:00',1),('2022-09-22 00:00:00',1),('2022-09-23 00:00:00',1),('2022-09-24 00:00:00',0),('2022-09-25 00:00:00',0),('2022-09-26 00:00:00',1),('2022-09-27 00:00:00',1),('2022-09-28 00:00:00',1),('2022-09-29 00:00:00',1),('2022-09-30 00:00:00',1),('2022-10-01 00:00:00',0),('2022-10-02 00:00:00',0),('2022-10-03 00:00:00',1),('2022-10-04 00:00:00',1),('2022-10-05 00:00:00',1),('2022-10-06 00:00:00',1),('2022-10-07 00:00:00',1),('2022-10-08 00:00:00',0),('2022-10-09 00:00:00',0),('2022-10-10 00:00:00',0),('2022-10-11 00:00:00',1),('2022-10-12 00:00:00',1),('2022-10-13 00:00:00',1),('2022-10-14 00:00:00',1),('2022-10-15 00:00:00',0),('2022-10-16 00:00:00',0),('2022-10-17 00:00:00',1),('2022-10-18 00:00:00',1),('2022-10-19 00:00:00',1),('2022-10-20 00:00:00',1),('2022-10-21 00:00:00',1),('2022-10-22 00:00:00',0),('2022-10-23 00:00:00',0),('2022-10-24 00:00:00',1),('2022-10-25 00:00:00',1),('2022-10-26 00:00:00',1),('2022-10-27 00:00:00',1),('2022-10-28 00:00:00',1),('2022-10-29 00:00:00',0),('2022-10-30 00:00:00',0),('2022-10-31 00:00:00',1),('2022-11-01 00:00:00',1),('2022-11-02 00:00:00',1),('2022-11-03 00:00:00',1),('2022-11-04 00:00:00',1),('2022-11-05 00:00:00',0),('2022-11-06 00:00:00',0),('2022-11-07 00:00:00',1),('2022-11-08 00:00:00',1),('2022-11-09 00:00:00',1),('2022-11-10 00:00:00',1),('2022-11-11 00:00:00',1),('2022-11-12 00:00:00',0),('2022-11-13 00:00:00',0),('2022-11-14 00:00:00',1),('2022-11-15 00:00:00',1),('2022-11-16 00:00:00',1),('2022-11-17 00:00:00',1),('2022-11-18 00:00:00',1),('2022-11-19 00:00:00',0),('2022-11-20 00:00:00',0),('2022-11-21 00:00:00',1),('2022-11-22 00:00:00',1),('2022-11-23 00:00:00',1),('2022-11-24 00:00:00',1),('2022-11-25 00:00:00',1),('2022-11-26 00:00:00',0),('2022-11-27 00:00:00',0),('2022-11-28 00:00:00',1),('2022-11-29 00:00:00',1),('2022-11-30 00:00:00',1),('2022-12-01 00:00:00',1),('2022-12-02 00:00:00',1),('2022-12-03 00:00:00',0),('2022-12-04 00:00:00',0),('2022-12-05 00:00:00',1),('2022-12-06 00:00:00',1),('2022-12-07 00:00:00',1),('2022-12-08 00:00:00',1),('2022-12-09 00:00:00',1),('2022-12-10 00:00:00',0),('2022-12-11 00:00:00',0),('2022-12-12 00:00:00',1),('2022-12-13 00:00:00',1),('2022-12-14 00:00:00',1),('2022-12-15 00:00:00',1),('2022-12-16 00:00:00',1),('2022-12-17 00:00:00',0),('2022-12-18 00:00:00',0),('2022-12-19 00:00:00',1),('2022-12-20 00:00:00',1),('2022-12-21 00:00:00',1),('2022-12-22 00:00:00',1),('2022-12-23 00:00:00',1),('2022-12-24 00:00:00',0),('2022-12-25 00:00:00',0),('2022-12-26 00:00:00',1),('2022-12-27 00:00:00',1),('2022-12-28 00:00:00',1),('2022-12-29 00:00:00',1),('2022-12-30 00:00:00',1),('2022-12-31 00:00:00',0);
/*!40000 ALTER TABLE `calendar` ENABLE KEYS */;
UNLOCK TABLES;

--
-- Table structure for table `class`
--

DROP TABLE IF EXISTS `class`;
/*!40101 SET @saved_cs_client     = @@character_set_client */;
/*!50503 SET character_set_client = utf8mb4 */;
CREATE TABLE `class` (
  `id` smallint unsigned NOT NULL AUTO_INCREMENT,
  `class_type_id` tinyint unsigned NOT NULL,
  `batch` smallint unsigned NOT NULL,
  `class_group_id` tinyint unsigned NOT NULL,
  `start_date` date NOT NULL,
  `end_date` date NOT NULL,
  PRIMARY KEY (`id`)
) ENGINE=InnoDB AUTO_INCREMENT=28 DEFAULT CHARSET=utf8mb4 COLLATE=utf8mb4_0900_ai_ci;
/*!40101 SET character_set_client = @saved_cs_client */;

--
-- Dumping data for table `class`
--

LOCK TABLES `class` WRITE;
/*!40000 ALTER TABLE `class` DISABLE KEYS */;
INSERT INTO `class` VALUES (1,1,15,1,'2022-02-07','2022-06-07'),(2,2,15,2,'2022-02-10','2022-06-07'),(3,1,16,1,'2022-05-07','2022-08-07');
/*!40000 ALTER TABLE `class` ENABLE KEYS */;
UNLOCK TABLES;

--
-- Table structure for table `class_group`
--

DROP TABLE IF EXISTS `class_group`;
/*!40101 SET @saved_cs_client     = @@character_set_client */;
/*!50503 SET character_set_client = utf8mb4 */;
CREATE TABLE `class_group` (
  `id` tinyint unsigned NOT NULL AUTO_INCREMENT,
  `name` varchar(20) NOT NULL,
  PRIMARY KEY (`id`),
  UNIQUE KEY `name_UNIQUE` (`name`)
) ENGINE=InnoDB AUTO_INCREMENT=6 DEFAULT CHARSET=utf8mb4 COLLATE=utf8mb4_0900_ai_ci;
/*!40101 SET character_set_client = @saved_cs_client */;

--
-- Dumping data for table `class_group`
--

LOCK TABLES `class_group` WRITE;
/*!40000 ALTER TABLE `class_group` DISABLE KEYS */;
INSERT INTO `class_group` VALUES (1,'Backend'),(2,'Frontend'),(3,'iOS');
/*!40000 ALTER TABLE `class_group` ENABLE KEYS */;
UNLOCK TABLES;

--
-- Table structure for table `class_routine`
--

DROP TABLE IF EXISTS `class_routine`;
/*!40101 SET @saved_cs_client     = @@character_set_client */;
/*!50503 SET character_set_client = utf8mb4 */;
CREATE TABLE `class_routine` (
  `id` tinyint unsigned NOT NULL AUTO_INCREMENT,
  `class_type_id` tinyint unsigned NOT NULL,
  `weekday` tinyint unsigned NOT NULL,
  `start_time` time NOT NULL,
  `end_time` time NOT NULL,
  PRIMARY KEY (`id`),
  UNIQUE KEY `unique` (`class_type_id`,`weekday`)
) ENGINE=InnoDB AUTO_INCREMENT=11 DEFAULT CHARSET=utf8mb4 COLLATE=utf8mb4_0900_ai_ci;
/*!40101 SET character_set_client = @saved_cs_client */;

--
-- Dumping data for table `class_routine`
--

LOCK TABLES `class_routine` WRITE;
/*!40000 ALTER TABLE `class_routine` DISABLE KEYS */;
INSERT INTO `class_routine` VALUES (1,1,1,'12:00:00','18:00:00'),(3,1,3,'09:00:00','18:00:00'),(4,1,4,'09:00:00','18:00:00'),(5,1,5,'09:00:00','18:00:00'),(6,2,2,'09:00:00','18:00:00'),(7,2,4,'09:00:00','18:00:00'),(10,2,5,'09:00:00','18:00:00');
/*!40000 ALTER TABLE `class_routine` ENABLE KEYS */;
UNLOCK TABLES;

--
-- Table structure for table `class_teacher`
--

DROP TABLE IF EXISTS `class_teacher`;
/*!40101 SET @saved_cs_client     = @@character_set_client */;
/*!50503 SET character_set_client = utf8mb4 */;
CREATE TABLE `class_teacher` (
  `class_id` smallint NOT NULL,
  `teacher_id` smallint NOT NULL,
  PRIMARY KEY (`class_id`,`teacher_id`)
) ENGINE=InnoDB DEFAULT CHARSET=utf8mb4 COLLATE=utf8mb4_0900_ai_ci;
/*!40101 SET character_set_client = @saved_cs_client */;

--
-- Dumping data for table `class_teacher`
--

LOCK TABLES `class_teacher` WRITE;
/*!40000 ALTER TABLE `class_teacher` DISABLE KEYS */;
INSERT INTO `class_teacher` VALUES (1,1),(1,2),(2,1),(2,2),(9,2);
/*!40000 ALTER TABLE `class_teacher` ENABLE KEYS */;
UNLOCK TABLES;

--
-- Table structure for table `class_type`
--

DROP TABLE IF EXISTS `class_type`;
/*!40101 SET @saved_cs_client     = @@character_set_client */;
/*!50503 SET character_set_client = utf8mb4 */;
CREATE TABLE `class_type` (
  `id` tinyint unsigned NOT NULL AUTO_INCREMENT,
  `name` varchar(20) NOT NULL,
  PRIMARY KEY (`id`),
  UNIQUE KEY `name_UNIQUE` (`name`)
) ENGINE=InnoDB AUTO_INCREMENT=20 DEFAULT CHARSET=utf8mb4 COLLATE=utf8mb4_0900_ai_ci;
/*!40101 SET character_set_client = @saved_cs_client */;

--
-- Dumping data for table `class_type`
--

LOCK TABLES `class_type` WRITE;
/*!40000 ALTER TABLE `class_type` DISABLE KEYS */;
INSERT INTO `class_type` VALUES (1,'Bootcamp'),(2,'Campus');
/*!40000 ALTER TABLE `class_type` ENABLE KEYS */;
UNLOCK TABLES;

--
-- Table structure for table `leave_type`
--

DROP TABLE IF EXISTS `leave_type`;
/*!40101 SET @saved_cs_client     = @@character_set_client */;
/*!50503 SET character_set_client = utf8mb4 */;
CREATE TABLE `leave_type` (
  `id` tinyint unsigned NOT NULL AUTO_INCREMENT,
  `name` varchar(15) NOT NULL,
  PRIMARY KEY (`id`),
  UNIQUE KEY `name_UNIQUE` (`name`)
) ENGINE=InnoDB AUTO_INCREMENT=6 DEFAULT CHARSET=utf8mb4 COLLATE=utf8mb4_0900_ai_ci;
/*!40101 SET character_set_client = @saved_cs_client */;

--
-- Dumping data for table `leave_type`
--

LOCK TABLES `leave_type` WRITE;
/*!40000 ALTER TABLE `leave_type` DISABLE KEYS */;
INSERT INTO `leave_type` VALUES (1,'事假'),(4,'喪假'),(2,'病假'),(3,'補出席'),(5,'防疫假');
/*!40000 ALTER TABLE `leave_type` ENABLE KEYS */;
UNLOCK TABLES;

--
-- Table structure for table `punch_exception`
--

DROP TABLE IF EXISTS `punch_exception`;
/*!40101 SET @saved_cs_client     = @@character_set_client */;
/*!50503 SET character_set_client = utf8mb4 */;
CREATE TABLE `punch_exception` (
  `id` smallint unsigned NOT NULL AUTO_INCREMENT,
  `class_type_id` tinyint unsigned NOT NULL,
  `batch` tinyint unsigned NOT NULL,
  `date` date NOT NULL,
  `start` time NOT NULL,
  `end` time NOT NULL,
  PRIMARY KEY (`id`),
  UNIQUE KEY `UNIQUE` (`class_type_id`,`batch`,`date`)
) ENGINE=InnoDB DEFAULT CHARSET=utf8mb4 COLLATE=utf8mb4_0900_ai_ci;
/*!40101 SET character_set_client = @saved_cs_client */;

--
-- Dumping data for table `punch_exception`
--

LOCK TABLES `punch_exception` WRITE;
/*!40000 ALTER TABLE `punch_exception` DISABLE KEYS */;
/*!40000 ALTER TABLE `punch_exception` ENABLE KEYS */;
UNLOCK TABLES;

--
-- Table structure for table `staff`
--

DROP TABLE IF EXISTS `staff`;
/*!40101 SET @saved_cs_client     = @@character_set_client */;
/*!50503 SET character_set_client = utf8mb4 */;
CREATE TABLE `staff` (
  `id` smallint unsigned NOT NULL AUTO_INCREMENT,
  `role` tinyint unsigned NOT NULL DEFAULT '1',
  `name` varchar(30) NOT NULL,
  `email` varchar(50) NOT NULL,
  `password` char(60) NOT NULL,
  `create_at` datetime NOT NULL DEFAULT CURRENT_TIMESTAMP,
  `last_update` datetime DEFAULT NULL,
  `last_signin` datetime DEFAULT NULL,
  `password_default` tinyint NOT NULL DEFAULT '1',
  PRIMARY KEY (`id`),
  UNIQUE KEY `email_UNIQUE` (`email`)
) ENGINE=InnoDB AUTO_INCREMENT=8 DEFAULT CHARSET=utf8mb4 COLLATE=utf8mb4_0900_ai_ci;
/*!40101 SET character_set_client = @saved_cs_client */;

--
-- Dumping data for table `staff`
--

LOCK TABLES `staff` WRITE;
/*!40000 ALTER TABLE `staff` DISABLE KEYS */;
INSERT INTO `staff` VALUES (1,1,'Yoder','teacher_yoder@test.com','$2b$10$7Nx2RuQ2iA9ePHEkVIAjDuXQwCWMmzj5ijaVMZHOvdpIsMB5/DCJ6','2022-04-15 00:02:35',NULL,NULL,1),(2,1,'test_teacher_2','test_teacher_2@test.com','$2b$10$3rWMvicW3NH807cXx9VXgeXUNpvJ8DA6GCZJS//N4AplQP7Cq5TXq','2022-04-15 00:02:35',NULL,NULL,1),(3,1,'test_teacher_3','test_teacher_3@test.com','$2b$10$s9qK0vSuafEmiYMC8RoJGuO67lgCU9HPag6jlK87UbpD93CpdYFvq','2022-04-15 00:02:35',NULL,NULL,1),(4,1,'test_teacher_4','test_teacher_4@test.com','$2b$10$lH6rXOGxyVEYfBy04AZ2tOPqJLkp22hLWKnEFPg65LjgKG2ExuFC6','2022-04-15 00:02:35',NULL,NULL,1),(5,1,'test_teacher_5','test_teacher_5@test.com','$2b$10$cdWWGMZuPkI6OeBH/z9boeb/pQHX68nXo/xo2u6mzMsyTLYdpwivS','2022-04-15 00:02:35',NULL,NULL,1);
/*!40000 ALTER TABLE `staff` ENABLE KEYS */;
UNLOCK TABLES;

--
-- Table structure for table `student`
--

DROP TABLE IF EXISTS `student`;
/*!40101 SET @saved_cs_client     = @@character_set_client */;
/*!50503 SET character_set_client = utf8mb4 */;
CREATE TABLE `student` (
  `id` smallint unsigned NOT NULL AUTO_INCREMENT,
  `name` varchar(30) NOT NULL,
  `email` varchar(50) NOT NULL,
  `password` char(60) NOT NULL,
  `create_at` datetime NOT NULL DEFAULT CURRENT_TIMESTAMP,
  `last_update` datetime DEFAULT CURRENT_TIMESTAMP ON UPDATE CURRENT_TIMESTAMP,
  `last_signin` datetime DEFAULT NULL,
  `password_default` tinyint NOT NULL DEFAULT '1',
  `finger_id` tinyint unsigned DEFAULT NULL,
  `class_id` smallint unsigned NOT NULL,
  PRIMARY KEY (`id`),
  UNIQUE KEY `account_UNIQUE` (`email`),
  UNIQUE KEY `finger_id_UNIQUE` (`finger_id`),
  KEY `account_INDEX` (`email`)
) ENGINE=InnoDB AUTO_INCREMENT=17 DEFAULT CHARSET=utf8mb4 COLLATE=utf8mb4_0900_ai_ci;
/*!40101 SET character_set_client = @saved_cs_client */;

--
-- Dumping data for table `student`
--

LOCK TABLES `student` WRITE;
/*!40000 ALTER TABLE `student` DISABLE KEYS */;
INSERT INTO `student` VALUES (1,'student_1','student_1@test.com','$2b$10$4re8YchBzwQg7zszyUfLT.Xy.Qcy9mWOjL6StSv8mXjGgb5RUgIee','2022-04-19 02:02:04',NULL,NULL,1,NULL,1),(2,'student_2','student_2@test.com','$2b$10$yD8I99KV/EOp2/KHat.UfeSW2GJ5w0EGnWQd1.32RESaJ4zFgZcJi','2022-04-19 02:02:04',NULL,NULL,1,NULL,1),(3,'student_3','student_3@test.com','$2b$10$nI8DVzfagtY7rYco8CBo..SLBUKnMLNIvGKDh6uR.PVLIogaQ.lzW','2022-04-19 02:02:04',NULL,NULL,1,NULL,1),(4,'student_4','student_4@test.com','$2b$10$UdX4kwCZqXyWYubODQBRceW9f/8KJwyJ68s0yCHAjeBLgQx9.LZXC','2022-04-19 02:02:04',NULL,NULL,1,NULL,1),(5,'student_5','student_5@test.com','$2b$10$5EeuIshh6nodGEZsbJo2UeNCfe12h01rzKFcWiih/Hbp7AZavE3se','2022-04-19 02:02:04',NULL,NULL,1,NULL,1),(6,'student_6','student_6@test.com','$2b$10$/iEXoJa/fsz7Ypd6GO4BKewZuG.qdoG6Jc0q3dYV7aPAYKg1wPVAm','2022-04-19 02:02:04',NULL,NULL,1,NULL,1),(7,'student_7','student_7@test.com','$2b$10$H/FPd0QLFXStYD2ULYfYq.dEyTVbNzTnK3Ll04vhMbVYHixHjP3u2','2022-04-19 02:02:04',NULL,NULL,1,NULL,1),(8,'student_8','student_8@test.com','$2b$10$vC3UG7e.G3gNuX5qFWh7xuOPgR4rNShnHNapRCeosVMj1XAqDsxnK','2022-04-19 02:02:04',NULL,NULL,1,NULL,2),(9,'student_9','student_9@test.com','$2b$10$K.T8xW3TSULiNZlH0RXxseENzRBQQ3qHjn5UYGXzgXKbVve4QGG1u','2022-04-19 02:02:04',NULL,NULL,1,NULL,2),(10,'student_10','student_10@test.com','$2b$10$B3FxQkt9a1fwiih6u3MXIOgKupM0JTruVXlZ8kTpKHg.bW9XaryS2','2022-04-19 02:02:04',NULL,NULL,1,NULL,2),(11,'student_11','student_11@test.com','$2b$10$YINsHuxgQveZFZi.Fvw0V.wuSd7Dpmcx/0HGT7W/Xj/jt2SZ2qXOO','2022-04-19 02:02:04',NULL,NULL,1,NULL,2),(12,'student_12','student_12@test.com','$2b$10$5JL5358ZLySoeAO3597alORz70neV.222L.UgZ/eVZy1mE52pPiHK','2022-04-19 02:02:04',NULL,NULL,1,NULL,2),(13,'student_13','student_13@test.com','$2b$10$ILXzHDhBdplITPaHb3bPNevaPx3s/TUIErShratVWzdGIsbpjpm2C','2022-04-19 02:02:04',NULL,NULL,1,NULL,2),(14,'student_14','student_14@test.com','$2b$10$h9nZwRmqFlpahSpZjMXQs.nCe4e6czoYCR7OGjdErYuDerq3f1NKu','2022-04-19 02:02:04',NULL,NULL,1,NULL,2),(16,'葉承彥','sean@test.com','$2b$10$Aj8yCdnM3heFm8xmn1w9Pe7dWVzrxu4hy00R2I03aY683vkj668ZG','2022-04-19 15:13:13',NULL,NULL,1,NULL,3);
/*!40000 ALTER TABLE `student` ENABLE KEYS */;
UNLOCK TABLES;

--
-- Table structure for table `student_leave`
--

DROP TABLE IF EXISTS `student_leave`;
/*!40101 SET @saved_cs_client     = @@character_set_client */;
/*!50503 SET character_set_client = utf8mb4 */;
CREATE TABLE `student_leave` (
  `id` mediumint unsigned NOT NULL AUTO_INCREMENT,
  `student_id` smallint unsigned NOT NULL,
  `leave_type_id` tinyint unsigned NOT NULL,
  `description` varchar(45) DEFAULT NULL,
  `date` date NOT NULL,
  `start` time NOT NULL,
  `end` time NOT NULL,
  `approval` tinyint NOT NULL DEFAULT '0',
  `hours` tinyint unsigned NOT NULL,
  `create_at` datetime DEFAULT CURRENT_TIMESTAMP,
  `last_update` datetime DEFAULT CURRENT_TIMESTAMP ON UPDATE CURRENT_TIMESTAMP,
  `note` varchar(45) DEFAULT NULL,
  PRIMARY KEY (`id`),
  KEY `INDEX` (`student_id`)
) ENGINE=InnoDB AUTO_INCREMENT=18 DEFAULT CHARSET=utf8mb4 COLLATE=utf8mb4_0900_ai_ci;
/*!40101 SET character_set_client = @saved_cs_client */;

--
-- Dumping data for table `student_leave`
--

LOCK TABLES `student_leave` WRITE;
/*!40000 ALTER TABLE `student_leave` DISABLE KEYS */;
INSERT INTO `student_leave` VALUES (1,16,3,'test','2022-04-11','10:00:00','18:00:00',0,7,'2022-04-25 22:17:30','2022-04-25 22:17:30',NULL),(2,10,2,'test','2022-04-14','10:00:00','15:00:00',0,4,'2022-04-25 22:17:30','2022-04-25 22:17:30',NULL),(3,12,5,'test','2022-04-14','12:00:00','15:00:00',0,2,'2022-04-25 22:17:30','2022-04-25 22:17:30',NULL),(4,4,5,'test','2022-04-15','09:00:00','17:00:00',0,7,'2022-04-25 22:17:30','2022-04-25 22:17:30',NULL),(5,7,1,'test','2022-04-16','13:00:00','15:00:00',0,2,'2022-04-25 22:17:30','2022-04-25 22:17:30',NULL),(6,14,1,'test','2022-04-16','11:00:00','16:00:00',0,4,'2022-04-25 22:17:30','2022-04-25 22:17:30',NULL),(7,1,2,'test','2022-04-17','10:00:00','14:00:00',0,3,'2022-04-25 22:17:30','2022-04-25 22:17:30',NULL),(8,5,2,'test','2022-04-17','10:00:00','18:00:00',0,7,'2022-04-25 22:17:30','2022-04-25 22:17:30',NULL),(9,16,3,'test','2022-04-18','10:00:00','14:00:00',0,3,'2022-04-25 22:17:30','2022-04-25 22:17:30',NULL),(10,11,1,'test','2022-04-19','11:00:00','14:00:00',0,2,'2022-04-25 22:17:30','2022-04-25 22:17:30',NULL),(11,5,2,'test','2022-04-20','09:00:00','18:00:00',0,8,'2022-04-25 22:17:30','2022-04-25 22:17:30',NULL),(12,4,4,'test','2022-04-22','10:00:00','18:00:00',0,7,'2022-04-25 22:17:30','2022-04-25 22:17:30',NULL),(13,8,5,'test','2022-04-22','11:00:00','17:00:00',0,5,'2022-04-25 22:17:30','2022-04-25 22:17:30',NULL),(14,2,1,'test','2022-04-25','10:00:00','14:00:00',0,3,'2022-04-25 22:17:30','2022-04-25 22:17:30',NULL),(15,9,1,'test','2022-04-25','12:00:00','18:00:00',0,5,'2022-04-25 22:17:30','2022-04-25 22:17:30',NULL),(16,16,4,'test','2022-04-25','10:00:00','15:00:00',0,4,'2022-04-25 22:17:30','2022-04-25 22:17:30',NULL),(17,8,3,NULL,'2022-04-26','10:00:00','12:00:00',1,2,'2022-04-26 00:56:02','2022-04-26 00:56:02','test');
/*!40000 ALTER TABLE `student_leave` ENABLE KEYS */;
UNLOCK TABLES;

--
-- Table structure for table `student_punch`
--

DROP TABLE IF EXISTS `student_punch`;
/*!40101 SET @saved_cs_client     = @@character_set_client */;
/*!50503 SET character_set_client = utf8mb4 */;
CREATE TABLE `student_punch` (
  `id` int unsigned NOT NULL AUTO_INCREMENT,
  `student_id` smallint unsigned NOT NULL,
  `punch_date` date DEFAULT NULL,
  `punch_in` time DEFAULT NULL,
  `punch_out` time DEFAULT NULL,
  PRIMARY KEY (`id`)
) ENGINE=InnoDB AUTO_INCREMENT=451 DEFAULT CHARSET=utf8mb4 COLLATE=utf8mb4_0900_ai_ci;
/*!40101 SET character_set_client = @saved_cs_client */;

--
-- Dumping data for table `student_punch`
--

LOCK TABLES `student_punch` WRITE;
/*!40000 ALTER TABLE `student_punch` DISABLE KEYS */;
INSERT INTO `student_punch` VALUES (1,1,'2022-03-27','09:10:00','18:18:00'),(2,2,'2022-03-27','08:43:00','17:52:00'),(3,3,'2022-03-27','08:58:00',NULL),(4,4,'2022-03-27','08:42:00',NULL),(5,5,'2022-03-27','09:06:00','18:25:00'),(6,6,'2022-03-27','09:13:00',NULL),(7,7,'2022-03-27','08:58:00','17:35:00'),(8,8,'2022-03-27','09:22:00','17:43:00'),(9,9,'2022-03-27','09:28:00','18:22:00'),(10,10,'2022-03-27','08:53:00','17:42:00'),(11,11,'2022-03-27','08:57:00','18:06:00'),(12,12,'2022-03-27','08:59:00',NULL),(13,13,'2022-03-27','08:35:00','18:23:00'),(14,14,'2022-03-27','09:01:00','18:10:00'),(15,16,'2022-03-27','08:53:00','17:56:00'),(16,1,'2022-03-28','09:14:00',NULL),(17,2,'2022-03-28','08:49:00','18:07:00'),(18,3,'2022-03-28','09:26:00',NULL),(19,4,'2022-03-28','08:31:00','18:04:00'),(20,5,'2022-03-28','08:50:00','18:10:00'),(21,6,'2022-03-28','09:09:00','18:23:00'),(22,7,'2022-03-28','08:58:00',NULL),(23,8,'2022-03-28','08:50:00','18:11:00'),(24,9,'2022-03-28','08:44:00','18:24:00'),(25,10,'2022-03-28','09:19:00',NULL),(26,11,'2022-03-28','08:51:00','17:57:00'),(27,12,'2022-03-28','09:23:00',NULL),(28,13,'2022-03-28','09:15:00','17:45:00'),(29,14,'2022-03-28','08:40:00','18:05:00'),(30,16,'2022-03-28','09:07:00','17:57:00'),(31,1,'2022-03-29','08:57:00','17:41:00'),(32,2,'2022-03-29','09:17:00','18:21:00'),(33,3,'2022-03-29','09:17:00',NULL),(34,4,'2022-03-29','08:30:00','18:17:00'),(35,5,'2022-03-29','09:29:00','17:55:00'),(36,6,'2022-03-29','09:07:00','17:56:00'),(37,7,'2022-03-29','09:18:00','17:45:00'),(38,8,'2022-03-29','08:30:00','18:01:00'),(39,9,'2022-03-29','09:13:00',NULL),(40,10,'2022-03-29','09:21:00',NULL),(41,11,'2022-03-29','08:40:00','17:40:00'),(42,12,'2022-03-29',NULL,NULL),(43,13,'2022-03-29','08:31:00','18:12:00'),(44,14,'2022-03-29','09:02:00','17:45:00'),(45,16,'2022-03-29','08:37:00','18:22:00'),(46,1,'2022-03-30','09:25:00','18:12:00'),(47,2,'2022-03-30','09:21:00',NULL),(48,3,'2022-03-30','09:12:00','17:47:00'),(49,4,'2022-03-30','09:24:00','18:03:00'),(50,5,'2022-03-30','08:55:00','18:28:00'),(51,6,'2022-03-30','08:31:00','18:07:00'),(52,7,'2022-03-30','09:25:00',NULL),(53,8,'2022-03-30','08:45:00','17:48:00'),(54,9,'2022-03-30','09:09:00','17:40:00'),(55,10,'2022-03-30','08:49:00','17:32:00'),(56,11,'2022-03-30','09:06:00','17:59:00'),(57,12,'2022-03-30','08:42:00','17:35:00'),(58,13,'2022-03-30','09:29:00','18:22:00'),(59,14,'2022-03-30','08:33:00','17:47:00'),(60,16,'2022-03-30','09:26:00',NULL),(61,1,'2022-03-31','08:34:00',NULL),(62,2,'2022-03-31','09:12:00','18:02:00'),(63,3,'2022-03-31','09:17:00',NULL),(64,4,'2022-03-31','08:56:00','18:19:00'),(65,5,'2022-03-31','09:25:00','18:27:00'),(66,6,'2022-03-31','09:10:00','18:29:00'),(67,7,'2022-03-31','09:10:00','17:40:00'),(68,8,'2022-03-31','08:43:00','18:28:00'),(69,9,'2022-03-31','09:14:00','18:11:00'),(70,10,'2022-03-31','08:44:00','17:50:00'),(71,11,'2022-03-31','08:58:00',NULL),(72,12,'2022-03-31','09:09:00','17:36:00'),(73,13,'2022-03-31','09:13:00','18:06:00'),(74,14,'2022-03-31','09:15:00','17:35:00'),(75,16,'2022-03-31','09:12:00',NULL),(76,1,'2022-04-01',NULL,NULL),(77,2,'2022-04-01','09:24:00','18:24:00'),(78,3,'2022-04-01','08:48:00','18:18:00'),(79,4,'2022-04-01','08:33:00',NULL),(80,5,'2022-04-01','08:38:00','18:14:00'),(81,6,'2022-04-01','08:40:00','17:32:00'),(82,7,'2022-04-01','08:40:00','18:00:00'),(83,8,'2022-04-01','09:27:00',NULL),(84,9,'2022-04-01','08:41:00','18:19:00'),(85,10,'2022-04-01','08:34:00','18:07:00'),(86,11,'2022-04-01','09:12:00','18:15:00'),(87,12,'2022-04-01',NULL,NULL),(88,13,'2022-04-01','08:32:00','18:10:00'),(89,14,'2022-04-01','09:28:00',NULL),(90,16,'2022-04-01','08:57:00','17:35:00'),(91,1,'2022-04-02','08:54:00','17:44:00'),(92,2,'2022-04-02','09:14:00','17:30:00'),(93,3,'2022-04-02','08:44:00',NULL),(94,4,'2022-04-02','09:22:00',NULL),(95,5,'2022-04-02','09:22:00','17:49:00'),(96,6,'2022-04-02','09:21:00',NULL),(97,7,'2022-04-02','09:03:00','18:18:00'),(98,8,'2022-04-02','09:12:00','18:21:00'),(99,9,'2022-04-02','08:42:00','18:16:00'),(100,10,'2022-04-02',NULL,NULL),(101,11,'2022-04-02','08:53:00',NULL),(102,12,'2022-04-02','09:00:00','18:22:00'),(103,13,'2022-04-02','09:23:00',NULL),(104,14,'2022-04-02','08:30:00',NULL),(105,16,'2022-04-02','09:07:00','17:38:00'),(106,1,'2022-04-03','09:08:00',NULL),(107,2,'2022-04-03','08:42:00','18:18:00'),(108,3,'2022-04-03','09:16:00',NULL),(109,4,'2022-04-03',NULL,NULL),(110,5,'2022-04-03',NULL,NULL),(111,6,'2022-04-03','08:53:00',NULL),(112,7,'2022-04-03',NULL,NULL),(113,8,'2022-04-03','08:39:00','17:36:00'),(114,9,'2022-04-03','08:32:00','17:51:00'),(115,10,'2022-04-03','08:31:00',NULL),(116,11,'2022-04-03','09:24:00','17:34:00'),(117,12,'2022-04-03','09:03:00','18:18:00'),(118,13,'2022-04-03','09:13:00','17:35:00'),(119,14,'2022-04-03','09:06:00',NULL),(120,16,'2022-04-03','08:56:00','17:59:00'),(121,1,'2022-04-04','09:21:00','18:20:00'),(122,2,'2022-04-04','09:20:00','17:44:00'),(123,3,'2022-04-04','08:35:00','18:01:00'),(124,4,'2022-04-04','08:47:00','17:42:00'),(125,5,'2022-04-04','09:21:00','18:02:00'),(126,6,'2022-04-04','08:55:00','18:10:00'),(127,7,'2022-04-04','08:59:00',NULL),(128,8,'2022-04-04','09:25:00','18:03:00'),(129,9,'2022-04-04','08:56:00',NULL),(130,10,'2022-04-04','08:57:00',NULL),(131,11,'2022-04-04','08:37:00',NULL),(132,12,'2022-04-04','08:46:00','18:28:00'),(133,13,'2022-04-04','09:02:00','18:09:00'),(134,14,'2022-04-04','08:38:00',NULL),(135,16,'2022-04-04','09:13:00',NULL),(136,1,'2022-04-05','08:35:00','18:01:00'),(137,2,'2022-04-05','09:10:00','18:23:00'),(138,3,'2022-04-05','09:12:00',NULL),(139,4,'2022-04-05','09:28:00',NULL),(140,5,'2022-04-05','08:59:00','17:56:00'),(141,6,'2022-04-05','08:54:00','18:06:00'),(142,7,'2022-04-05','08:56:00','17:37:00'),(143,8,'2022-04-05','09:25:00','18:00:00'),(144,9,'2022-04-05','09:19:00',NULL),(145,10,'2022-04-05','09:20:00','18:15:00'),(146,11,'2022-04-05','08:42:00','17:41:00'),(147,12,'2022-04-05','08:59:00','17:32:00'),(148,13,'2022-04-05','09:28:00','18:19:00'),(149,14,'2022-04-05','09:23:00','18:13:00'),(150,16,'2022-04-05','09:15:00',NULL),(151,1,'2022-04-06',NULL,NULL),(152,2,'2022-04-06','08:32:00','17:43:00'),(153,3,'2022-04-06','08:32:00',NULL),(154,4,'2022-04-06','08:55:00',NULL),(155,5,'2022-04-06','08:40:00','17:55:00'),(156,6,'2022-04-06','08:51:00','18:01:00'),(157,7,'2022-04-06','08:40:00',NULL),(158,8,'2022-04-06','09:08:00','17:36:00'),(159,9,'2022-04-06','09:18:00',NULL),(160,10,'2022-04-06','09:00:00',NULL),(161,11,'2022-04-06','08:37:00','18:13:00'),(162,12,'2022-04-06','09:03:00','18:15:00'),(163,13,'2022-04-06','09:05:00','17:36:00'),(164,14,'2022-04-06','09:09:00','17:54:00'),(165,16,'2022-04-06','08:33:00','18:08:00'),(166,1,'2022-04-07','09:29:00','17:57:00'),(167,2,'2022-04-07','09:13:00','18:17:00'),(168,3,'2022-04-07','08:35:00',NULL),(169,4,'2022-04-07','08:48:00',NULL),(170,5,'2022-04-07','08:39:00','18:03:00'),(171,6,'2022-04-07','08:30:00',NULL),(172,7,'2022-04-07','08:48:00','18:26:00'),(173,8,'2022-04-07','08:35:00',NULL),(174,9,'2022-04-07','09:21:00',NULL),(175,10,'2022-04-07','08:48:00',NULL),(176,11,'2022-04-07','09:26:00',NULL),(177,12,'2022-04-07','09:29:00','17:43:00'),(178,13,'2022-04-07','08:31:00','18:06:00'),(179,14,'2022-04-07','08:49:00','17:36:00'),(180,16,'2022-04-07','08:50:00',NULL),(181,1,'2022-04-08','09:15:00','17:56:00'),(182,2,'2022-04-08','09:10:00',NULL),(183,3,'2022-04-08',NULL,NULL),(184,4,'2022-04-08','09:21:00','18:13:00'),(185,5,'2022-04-08','08:56:00','18:06:00'),(186,6,'2022-04-08','08:46:00',NULL),(187,7,'2022-04-08','09:21:00',NULL),(188,8,'2022-04-08','09:22:00','17:45:00'),(189,9,'2022-04-08','08:56:00',NULL),(190,10,'2022-04-08','08:32:00','18:06:00'),(191,11,'2022-04-08','09:14:00','17:55:00'),(192,12,'2022-04-08','09:08:00','17:37:00'),(193,13,'2022-04-08','08:38:00','17:34:00'),(194,14,'2022-04-08','08:37:00','18:24:00'),(195,16,'2022-04-08','08:35:00',NULL),(196,1,'2022-04-09','09:17:00',NULL),(197,2,'2022-04-09','09:07:00','17:49:00'),(198,3,'2022-04-09',NULL,NULL),(199,4,'2022-04-09','09:04:00',NULL),(200,5,'2022-04-09','09:02:00',NULL),(201,6,'2022-04-09','09:19:00','17:49:00'),(202,7,'2022-04-09','09:08:00',NULL),(203,8,'2022-04-09','08:44:00',NULL),(204,9,'2022-04-09','08:30:00','17:31:00'),(205,10,'2022-04-09','08:46:00','17:38:00'),(206,11,'2022-04-09','09:05:00','17:55:00'),(207,12,'2022-04-09','08:37:00',NULL),(208,13,'2022-04-09','09:08:00','18:02:00'),(209,14,'2022-04-09','09:29:00',NULL),(210,16,'2022-04-09','08:47:00','17:31:00'),(211,1,'2022-04-10','09:27:00','17:45:00'),(212,2,'2022-04-10','08:59:00','17:37:00'),(213,3,'2022-04-10','09:03:00',NULL),(214,4,'2022-04-10','09:18:00','17:41:00'),(215,5,'2022-04-10','08:56:00','18:07:00'),(216,6,'2022-04-10','09:28:00','17:38:00'),(217,7,'2022-04-10','09:21:00','17:57:00'),(218,8,'2022-04-10','09:01:00',NULL),(219,9,'2022-04-10','08:38:00','17:58:00'),(220,10,'2022-04-10','09:10:00','17:48:00'),(221,11,'2022-04-10','09:11:00',NULL),(222,12,'2022-04-10','08:38:00',NULL),(223,13,'2022-04-10','09:28:00','18:22:00'),(224,14,'2022-04-10',NULL,NULL),(225,16,'2022-04-10','08:56:00','17:50:00'),(226,1,'2022-04-11',NULL,NULL),(227,2,'2022-04-11','09:11:00',NULL),(228,3,'2022-04-11','09:24:00','18:29:00'),(229,4,'2022-04-11','09:25:00',NULL),(230,5,'2022-04-11','09:12:00','17:45:00'),(231,6,'2022-04-11','08:45:00','17:47:00'),(232,7,'2022-04-11','09:03:00',NULL),(233,8,'2022-04-11','09:02:00',NULL),(234,9,'2022-04-11','08:47:00','17:53:00'),(235,10,'2022-04-11','09:11:00','17:31:00'),(236,11,'2022-04-11','09:00:00',NULL),(237,12,'2022-04-11','09:23:00',NULL),(238,13,'2022-04-11','09:23:00',NULL),(239,14,'2022-04-11','08:41:00','18:03:00'),(240,16,'2022-04-11','09:27:00','17:37:00'),(241,1,'2022-04-12','08:39:00',NULL),(242,2,'2022-04-12','08:54:00','17:58:00'),(243,3,'2022-04-12','08:37:00','18:07:00'),(244,4,'2022-04-12',NULL,NULL),(245,5,'2022-04-12','08:41:00',NULL),(246,6,'2022-04-12','08:44:00','18:15:00'),(247,7,'2022-04-12','09:08:00','17:41:00'),(248,8,'2022-04-12','09:12:00','17:33:00'),(249,9,'2022-04-12','09:02:00','17:52:00'),(250,10,'2022-04-12','08:44:00','18:00:00'),(251,11,'2022-04-12','08:37:00','18:22:00'),(252,12,'2022-04-12','08:48:00','17:49:00'),(253,13,'2022-04-12','09:03:00','17:38:00'),(254,14,'2022-04-12','08:34:00','17:44:00'),(255,16,'2022-04-12','08:47:00','17:47:00'),(256,1,'2022-04-13','08:59:00',NULL),(257,2,'2022-04-13','08:50:00','18:04:00'),(258,3,'2022-04-13','09:00:00','17:58:00'),(259,4,'2022-04-13','09:01:00',NULL),(260,5,'2022-04-13','08:38:00','18:05:00'),(261,6,'2022-04-13','09:20:00',NULL),(262,7,'2022-04-13','09:08:00','17:56:00'),(263,8,'2022-04-13','09:09:00',NULL),(264,9,'2022-04-13',NULL,NULL),(265,10,'2022-04-13','09:23:00','17:58:00'),(266,11,'2022-04-13','08:36:00',NULL),(267,12,'2022-04-13','08:52:00','17:58:00'),(268,13,'2022-04-13','09:18:00',NULL),(269,14,'2022-04-13','08:37:00','18:08:00'),(270,16,'2022-04-13','08:39:00',NULL),(271,1,'2022-04-14','09:28:00','18:00:00'),(272,2,'2022-04-14','08:46:00','18:23:00'),(273,3,'2022-04-14','09:14:00','18:07:00'),(274,4,'2022-04-14','09:06:00','18:29:00'),(275,5,'2022-04-14',NULL,NULL),(276,6,'2022-04-14','08:51:00',NULL),(277,7,'2022-04-14','08:48:00','18:22:00'),(278,8,'2022-04-14','09:00:00',NULL),(279,9,'2022-04-14',NULL,NULL),(280,10,'2022-04-14','08:46:00',NULL),(281,11,'2022-04-14','08:57:00','18:26:00'),(282,12,'2022-04-14','08:34:00','17:45:00'),(283,13,'2022-04-14','08:42:00','17:40:00'),(284,14,'2022-04-14',NULL,NULL),(285,16,'2022-04-14','09:01:00',NULL),(286,1,'2022-04-15','08:59:00','18:21:00'),(287,2,'2022-04-15','09:16:00','18:11:00'),(288,3,'2022-04-15','09:13:00',NULL),(289,4,'2022-04-15',NULL,NULL),(290,5,'2022-04-15','09:03:00','17:44:00'),(291,6,'2022-04-15','08:45:00','17:36:00'),(292,7,'2022-04-15','08:30:00','18:16:00'),(293,8,'2022-04-15','08:50:00','17:31:00'),(294,9,'2022-04-15','08:43:00','17:59:00'),(295,10,'2022-04-15','09:01:00','17:30:00'),(296,11,'2022-04-15','08:32:00',NULL),(297,12,'2022-04-15','09:03:00','17:35:00'),(298,13,'2022-04-15','09:27:00',NULL),(299,14,'2022-04-15','09:05:00','18:26:00'),(300,16,'2022-04-15','09:15:00','18:27:00'),(301,1,'2022-04-16','08:31:00',NULL),(302,2,'2022-04-16','08:36:00','17:32:00'),(303,3,'2022-04-16',NULL,NULL),(304,4,'2022-04-16','08:35:00',NULL),(305,5,'2022-04-16','09:03:00','17:55:00'),(306,6,'2022-04-16','08:56:00','17:43:00'),(307,7,'2022-04-16','09:07:00','18:21:00'),(308,8,'2022-04-16',NULL,NULL),(309,9,'2022-04-16','09:14:00','18:02:00'),(310,10,'2022-04-16','08:59:00',NULL),(311,11,'2022-04-16',NULL,NULL),(312,12,'2022-04-16',NULL,NULL),(313,13,'2022-04-16','08:43:00',NULL),(314,14,'2022-04-16','08:55:00',NULL),(315,16,'2022-04-16','08:42:00',NULL),(316,1,'2022-04-17','09:08:00','17:58:00'),(317,2,'2022-04-17','09:18:00',NULL),(318,3,'2022-04-17','08:55:00','18:26:00'),(319,4,'2022-04-17','08:45:00','18:01:00'),(320,5,'2022-04-17',NULL,NULL),(321,6,'2022-04-17','09:16:00','17:36:00'),(322,7,'2022-04-17','09:04:00','18:23:00'),(323,8,'2022-04-17','09:16:00','18:29:00'),(324,9,'2022-04-17','08:56:00',NULL),(325,10,'2022-04-17','08:45:00',NULL),(326,11,'2022-04-17','09:28:00','18:23:00'),(327,12,'2022-04-17',NULL,NULL),(328,13,'2022-04-17','09:03:00','17:44:00'),(329,14,'2022-04-17',NULL,NULL),(330,16,'2022-04-17','09:15:00','18:03:00'),(331,1,'2022-04-18','09:15:00','17:36:00'),(332,2,'2022-04-18','09:24:00','17:30:00'),(333,3,'2022-04-18','09:26:00','17:53:00'),(334,4,'2022-04-18','09:10:00','18:10:00'),(335,5,'2022-04-18','08:49:00',NULL),(336,6,'2022-04-18','08:57:00','17:49:00'),(337,7,'2022-04-18',NULL,NULL),(338,8,'2022-04-18','08:40:00',NULL),(339,9,'2022-04-18','08:56:00',NULL),(340,10,'2022-04-18','08:33:00','17:37:00'),(341,11,'2022-04-18','08:59:00','17:45:00'),(342,12,'2022-04-18','09:11:00','17:36:00'),(343,13,'2022-04-18','09:04:00','18:10:00'),(344,14,'2022-04-18',NULL,NULL),(345,16,'2022-04-18','09:10:00','17:58:00'),(346,1,'2022-04-19','09:21:00',NULL),(347,2,'2022-04-19','09:05:00',NULL),(348,3,'2022-04-19','08:30:00','18:27:00'),(349,4,'2022-04-19','09:22:00','17:43:00'),(350,5,'2022-04-19','09:10:00',NULL),(351,6,'2022-04-19','08:38:00',NULL),(352,7,'2022-04-19','09:07:00',NULL),(353,8,'2022-04-19','09:03:00','18:05:00'),(354,9,'2022-04-19','08:49:00',NULL),(355,10,'2022-04-19','08:42:00','18:05:00'),(356,11,'2022-04-19','08:45:00','18:17:00'),(357,12,'2022-04-19','08:35:00',NULL),(358,13,'2022-04-19','08:37:00','17:57:00'),(359,14,'2022-04-19','09:06:00','18:24:00'),(360,16,'2022-04-19','09:12:00','17:51:00'),(361,1,'2022-04-20','08:52:00','18:03:00'),(362,2,'2022-04-20','08:51:00',NULL),(363,3,'2022-04-20','09:13:00',NULL),(364,4,'2022-04-20','08:36:00',NULL),(365,5,'2022-04-20','09:03:00','18:25:00'),(366,6,'2022-04-20','08:36:00',NULL),(367,7,'2022-04-20','09:29:00',NULL),(368,8,'2022-04-20','09:08:00',NULL),(369,9,'2022-04-20','09:00:00',NULL),(370,10,'2022-04-20','08:37:00','17:48:00'),(371,11,'2022-04-20',NULL,NULL),(372,12,'2022-04-20',NULL,NULL),(373,13,'2022-04-20','09:27:00','18:06:00'),(374,14,'2022-04-20','09:22:00','18:27:00'),(375,16,'2022-04-20','08:53:00','17:43:00'),(376,1,'2022-04-21','08:31:00','17:48:00'),(377,2,'2022-04-21',NULL,NULL),(378,3,'2022-04-21','09:11:00','17:37:00'),(379,4,'2022-04-21','08:37:00',NULL),(380,5,'2022-04-21','08:59:00','18:19:00'),(381,6,'2022-04-21','08:45:00','17:58:00'),(382,7,'2022-04-21','08:34:00','18:24:00'),(383,8,'2022-04-21','08:58:00','18:13:00'),(384,9,'2022-04-21','09:12:00',NULL),(385,10,'2022-04-21','08:50:00','17:37:00'),(386,11,'2022-04-21','08:57:00','18:03:00'),(387,12,'2022-04-21','08:49:00','17:53:00'),(388,13,'2022-04-21','09:12:00','18:22:00'),(389,14,'2022-04-21','09:07:00','18:04:00'),(390,16,'2022-04-21',NULL,NULL),(391,1,'2022-04-22','09:17:00',NULL),(392,2,'2022-04-22','09:16:00',NULL),(393,3,'2022-04-22','09:27:00','18:03:00'),(394,4,'2022-04-22','09:27:00','18:23:00'),(395,5,'2022-04-22','08:49:00','18:07:00'),(396,6,'2022-04-22','08:40:00','17:34:00'),(397,7,'2022-04-22','08:42:00','17:32:00'),(398,8,'2022-04-22','08:56:00',NULL),(399,9,'2022-04-22','09:24:00',NULL),(400,10,'2022-04-22',NULL,NULL),(401,11,'2022-04-22','09:09:00',NULL),(402,12,'2022-04-22',NULL,NULL),(403,13,'2022-04-22','09:28:00',NULL),(404,14,'2022-04-22','08:48:00','17:58:00'),(405,16,'2022-04-22','09:26:00',NULL),(406,1,'2022-04-23','09:04:00','17:40:00'),(407,2,'2022-04-23','08:37:00','18:21:00'),(408,3,'2022-04-23','09:04:00','18:00:00'),(409,4,'2022-04-23','08:59:00','18:08:00'),(410,5,'2022-04-23','09:11:00',NULL),(411,6,'2022-04-23','09:22:00','17:44:00'),(412,7,'2022-04-23','08:48:00','18:25:00'),(413,8,'2022-04-23','09:29:00','18:11:00'),(414,9,'2022-04-23',NULL,NULL),(415,10,'2022-04-23','09:04:00',NULL),(416,11,'2022-04-23','09:26:00',NULL),(417,12,'2022-04-23','09:28:00','18:27:00'),(418,13,'2022-04-23',NULL,NULL),(419,14,'2022-04-23','08:38:00','18:20:00'),(420,16,'2022-04-23','08:55:00','18:14:00'),(421,1,'2022-04-24','09:14:00','17:33:00'),(422,2,'2022-04-24','09:16:00',NULL),(423,3,'2022-04-24','09:20:00','17:50:00'),(424,4,'2022-04-24','09:28:00','18:22:00'),(425,5,'2022-04-24','08:57:00','18:12:00'),(426,6,'2022-04-24','09:06:00','18:18:00'),(427,7,'2022-04-24','09:24:00',NULL),(428,8,'2022-04-24','09:18:00','18:03:00'),(429,9,'2022-04-24','09:26:00',NULL),(430,10,'2022-04-24','09:22:00','17:37:00'),(431,11,'2022-04-24','08:39:00','18:12:00'),(432,12,'2022-04-24','08:40:00','18:16:00'),(433,13,'2022-04-24','09:17:00','18:07:00'),(434,14,'2022-04-24','09:26:00',NULL),(435,16,'2022-04-24','09:13:00',NULL),(436,1,'2022-04-25','08:56:00','17:46:00'),(437,2,'2022-04-25','08:31:00','17:42:00'),(438,3,'2022-04-25','09:07:00','18:07:00'),(439,4,'2022-04-25','09:11:00','17:40:00'),(440,5,'2022-04-25','09:14:00','17:54:00'),(441,6,'2022-04-25','08:51:00','18:28:00'),(442,7,'2022-04-25','09:03:00','17:43:00'),(443,8,'2022-04-25','09:17:00','18:28:00'),(444,9,'2022-04-25','08:40:00',NULL),(445,10,'2022-04-25','08:48:00','17:52:00'),(446,11,'2022-04-25','08:54:00','17:39:00'),(447,12,'2022-04-25','08:45:00','18:10:00'),(448,13,'2022-04-25','09:25:00',NULL),(449,14,'2022-04-25','09:20:00','18:23:00'),(450,16,'2022-04-25','08:36:00','18:18:00');
/*!40000 ALTER TABLE `student_punch` ENABLE KEYS */;
UNLOCK TABLES;
/*!40103 SET TIME_ZONE=@OLD_TIME_ZONE */;

/*!40101 SET SQL_MODE=@OLD_SQL_MODE */;
/*!40014 SET FOREIGN_KEY_CHECKS=@OLD_FOREIGN_KEY_CHECKS */;
/*!40014 SET UNIQUE_CHECKS=@OLD_UNIQUE_CHECKS */;
/*!40101 SET CHARACTER_SET_CLIENT=@OLD_CHARACTER_SET_CLIENT */;
/*!40101 SET CHARACTER_SET_RESULTS=@OLD_CHARACTER_SET_RESULTS */;
/*!40101 SET COLLATION_CONNECTION=@OLD_COLLATION_CONNECTION */;
/*!40111 SET SQL_NOTES=@OLD_SQL_NOTES */;

-- Dump completed on 2022-04-26  2:13:06
